{"bow_log_reg_sklearn_train": 0.9977685523449276, "bow_log_reg_sklearn_test": 0.8632912603519866, "bow_nn_torch_train": 0.9963207802581081, "bow_nn_torch_test": 0.8720882064819717, "bow_k_vary": [0.6877198285188056, 0.8115169214276472, 0.8394560049404676, 0.8484443072092338, 0.8537538964350133, 0.8556174442865514, 0.8576245092421754, 0.8586965385196645, 0.8617995522701254], "tf_idf_nn_torch_train": 0.9806883040629146, "tf_idf_nn_torch_test": 0.874943327052648, "tf_idf_k_vary": [0.6929620081956964, 0.8182203661643206, 0.8496277796925472, 0.8602926226772247, 0.8628628835413064, 0.8697114762582482, 0.8680153650281435, 0.8685155003908667, 0.8729558326112177], "bow_nb_sklearn_train": 0.9734988140675616, "bow_nb_sklearn_test": 0.8734907599991737, "tf_idf_nb_sklearn_train": 0.9801147734465904, "tf_idf_nb_sklearn_test": 0.8831096677252865, "emb_nn_torch_train": 0.9558312499168476, "emb_nn_torch_test": 0.8912455653758463}